CUSTOMER_NAME,REGION,RECENCY_DAYS,FREQUENCY,MONETARY,AVG_TRANSACTION_VALUE
Young and Sons,Africa,4934,1,12.2,12.2
"Rogers, Shah and Lopez",Oceania,2037,1,14.16,14.16
Jennings Ltd,North America,2085,1,20.15,20.15
Coleman-Duncan,Asia,3492,1,35.99,35.99
"Adams, Hernandez and Mcdonald",Asia,3864,1,65.31,65.31
"Gutierrez, Ortega and Patel",Asia,5027,1,68.52,68.52
"Stein, Morris and Baker",Africa,4973,1,79.8,79.8
Nguyen LLC,Oceania,4345,1,81.2,81.2
"Franco, Payne and Morales",Oceania,3818,1,110.78,110.78
"Hancock, Smith and Foley",Middle East and North Africa,4900,1,111.99,111.99
"Valdez, Gordon and Santiago",Europe,5290,1,124.92,124.92
Moreno Inc,South America,2841,1,162.6,162.6
Burke-Petty,Asia,4202,1,166.78,166.78
Barker and Sons,Europe,3364,1,167.66,167.66
"West, Nelson and Johnson",Oceania,1669,1,168.61,168.61
Hogan-Perkins,Europe,2522,1,188.8,188.8
Sanchez Ltd,South America,1016,1,190.18,190.18
Harris-Grant,South America,4190,1,198.08,198.08
"Norris, Vazquez and Hurst",North America,4733,1,202.85,202.85
Vasquez-Garcia,Africa,786,1,209.41,209.41
Cochran LLC,North America,887,1,214.39,214.39
Adams-Hawkins,Asia,2030,1,232.07,232.07
"Smith, Abbott and Hebert",Europe,813,1,235.85,235.85
Moore Group,South America,5413,1,239.11,239.11
Young-Thompson,Asia,5464,1,245.18,245.18
"Sanders, King and Thompson",Asia,3566,1,246.11,246.11
Stewart-Valdez,Oceania,2421,1,251.48,251.48
Allen Ltd,Europe,2716,1,267.24,267.24
Horne LLC,Africa,1286,1,307.78,307.78
Dalton-Cervantes,South America,5348,1,311.69,311.69
Kim Group,South America,1657,1,318.27,318.27
"Wallace, Baker and Hughes",Africa,2853,1,331.95,331.95
Cook Ltd,North America,2409,1,338.46,338.46
"Mckinney, Bass and Brown",Oceania,4611,1,363.79,363.79
Pollard-Moore,Africa,4189,1,364.7,364.7
"Long, Wells and Cordova",North America,1141,1,371.11,371.11
Figueroa-Hunt,North America,1987,1,376.61,376.61
Richardson and Sons,Middle East and North Africa,2000,1,391.58,391.58
"Hodge, Burns and Obrien",Middle East and North Africa,5698,1,403.85,403.85
Collier-Tyler,Europe,1038,1,407.35,407.35
"Nichols, Young and Peterson",Europe,4568,1,408.37,408.37
Davis-Scott,North America,3208,1,409.07,409.07
Wheeler LLC,Oceania,1276,1,410.53,410.53
Jones-Dougherty,Asia,1667,1,415.67,415.67
Carlson Inc,Europe,3130,1,423.54,423.54
Turner PLC,Europe,5778,1,424.88,424.88
Gregory Inc,North America,2453,1,427.0,427.0
Allen Group,North America,2397,1,430.28,430.28
Evans-Long,Asia,1170,1,444.25,444.25
Haynes-Brooks,South America,5322,1,462.16,462.16
Rodriguez Inc,Europe,1645,1,466.81,466.81
"Tucker, Johnson and Baker",Asia,1434,1,470.64,470.64
Rodriguez Ltd,Europe,2507,1,471.36,471.36
Morales Ltd,South America,2200,1,482.14,482.14
"Murray, Wilson and Parker",Africa,5699,1,483.57,483.57
"Perez, Martin and Cordova",Middle East and North Africa,2992,1,484.02,484.02
Gutierrez Inc,Oceania,5059,1,491.9,491.9
Mitchell-Kane,Africa,1174,1,491.97,491.97
"Peterson, Arnold and Johnson",Europe,5249,1,523.93,523.93
Barnes-Dougherty,Middle East and North Africa,4581,1,527.84,527.84
Daniels PLC,Africa,3180,1,539.11,539.11
"Anderson, Thompson and Lewis",Oceania,1648,1,544.92,544.92
Ramos Inc,North America,1537,1,548.15,548.15
Cole PLC,Asia,1916,1,551.97,551.97
Perez and Sons,Oceania,943,1,570.8,570.8
Oneill and Sons,Europe,2847,1,571.94,571.94
Schaefer-Hunt,Oceania,4362,1,573.73,573.73
Lee-French,Oceania,5186,1,582.57,582.57
Gardner-Cox,Asia,3094,1,598.79,598.79
Davis PLC,Middle East and North Africa,2265,1,602.41,602.41
Brown-Banks,Africa,3455,1,604.93,604.93
"Bray, Simmons and Bradford",Oceania,3403,1,618.9,618.9
"Smith, Skinner and Davis",North America,4468,1,654.07,654.07
"Carr, Myers and Miranda",Europe,4203,1,661.52,661.52
"Parker, Brown and Schneider",Africa,1348,1,703.88,703.88
Scott Inc,Europe,4735,1,715.47,715.47
Kelly-Brown,Europe,5052,1,731.1,731.1
Pearson and Sons,Europe,3259,1,770.68,770.68
"Garcia, Boyer and Roberson",Europe,3631,1,771.66,771.66
Rodriguez PLC,Europe,4896,1,772.52,772.52
Haas-Garcia,Africa,5709,1,774.05,774.05
Jones-Reyes,Middle East and North Africa,1388,1,775.96,775.96
Irwin-Raymond,Oceania,4499,1,797.46,797.46
Thomas LLC,Middle East and North Africa,1894,1,820.53,820.53
Norton and Sons,Middle East and North Africa,4761,1,828.48,828.48
Coleman LLC,Asia,786,1,837.2,837.2
Brown LLC,Oceania,1065,1,842.86,842.86
Byrd-Hill,South America,5158,1,862.01,862.01
"Ashley, Escobar and Reyes",Middle East and North Africa,3505,1,863.54,863.54
Johnson Inc,Europe,3781,1,885.05,885.05
"Reyes, Marks and Bailey",Middle East and North Africa,2713,1,885.39,885.39
Wells Inc,Asia,1605,1,909.13,909.13
Jones PLC,Oceania,967,1,924.47,924.47
"Wang, Figueroa and Davenport",South America,4651,1,933.3,933.3
"Booth, Kennedy and Willis",Europe,2547,1,935.2,935.2
"Mccormick, Morgan and Stewart",North America,5402,1,964.27,964.27
"Contreras, Arnold and Sanders",Asia,4897,1,975.28,975.28
Smith LLC,Asia,4985,1,981.86,981.86
Choi-Trujillo,Oceania,4612,1,992.78,992.78
"Taylor, Moran and Newman",Asia,5367,1,1035.06,1035.06
Blackwell-Sutton,South America,5776,1,1074.8,1074.8
"Warner, Burke and Jones",Europe,5257,1,1097.68,1097.68
Fowler-Hansen,North America,4048,1,1098.51,1098.51
"Randall, Avila and Contreras",Europe,5171,1,1108.64,1108.64
"Whitney, Ortiz and Andrade",North America,5831,1,1112.11,1112.11
"Murillo, Rangel and Phillips",Oceania,1369,1,1137.47,1137.47
Ward-Monroe,Middle East and North Africa,1701,1,1154.46,1154.46
Hernandez-Mccarthy,Africa,5649,1,1166.04,1166.04
Wilkinson-Stewart,Middle East and North Africa,2747,1,1177.33,1177.33
Johnson Inc,Middle East and North Africa,2668,1,1188.36,1188.36
Roach Inc,South America,4289,1,1196.9,1196.9
Mccoy Group,North America,1781,1,1203.76,1203.76
Maldonado-Chavez,Oceania,5422,1,1226.6,1226.6
Davis and Sons,Middle East and North Africa,5009,1,1235.3,1235.3
Wright-Valdez,South America,1935,1,1235.67,1235.67
"Mcintyre, Johnson and Gonzales",North America,3420,1,1247.8,1247.8
Powell Ltd,Middle East and North Africa,3386,1,1252.14,1252.14
Kirk Ltd,Asia,5109,1,1263.32,1263.32
"Rogers, Shelton and Dunn",Oceania,1863,1,1278.36,1278.36
Cruz-Wilcox,Oceania,2554,1,1317.85,1317.85
Adams PLC,North America,2281,1,1330.47,1330.47
Miller LLC,Middle East and North Africa,5553,1,1344.25,1344.25
Davis Ltd,North America,4905,1,1345.58,1345.58
Wilson PLC,Asia,1211,1,1359.59,1359.59
"Collins, Woods and Cantu",Europe,3355,1,1367.15,1367.15
"Owens, Thomas and Colon",Oceania,5010,1,1367.94,1367.94
Wells-Anderson,Africa,5331,1,1377.68,1377.68
"James, Obrien and Williams",South America,1582,1,1378.64,1378.64
Schaefer and Sons,Oceania,3196,1,1392.9,1392.9
"Stevenson, Oconnor and Harris",Asia,2910,1,1403.11,1403.11
"Moore, Singh and Nelson",Asia,4875,1,1405.64,1405.64
Ramirez-Mitchell,South America,2765,1,1419.22,1419.22
Atkinson-Soto,South America,5284,1,1426.01,1426.01
Randall Ltd,Middle East and North Africa,2148,1,1432.03,1432.03
"Thomas, Boyle and Parker",Africa,5104,1,1465.03,1465.03
"Bradley, Proctor and Webb",Africa,5406,1,1467.68,1467.68
Hanson-Edwards,South America,3529,1,1473.29,1473.29
Long-Pearson,South America,3193,1,1511.74,1511.74
Francis-Smith,Oceania,3992,1,1521.99,1521.99
Schwartz PLC,Europe,3061,1,1525.81,1525.81
Mcgee Group,Middle East and North Africa,2844,1,1532.44,1532.44
"Brown, Meyers and Lyons",South America,4781,1,1535.58,1535.58
"Jones, Mitchell and Jenkins",Asia,5476,1,1541.95,1541.95
Jefferson LLC,South America,5256,1,1560.4,1560.4
Vazquez-Mata,Asia,5426,1,1561.4,1561.4
"Goodman, Cook and Douglas",South America,786,1,1563.3,1563.3
Webb Inc,Oceania,4342,1,1576.99,1576.99
Rowe Inc,North America,3334,1,1586.11,1586.11
"Jefferson, Jones and Contreras",North America,3486,1,1594.04,1594.04
Castro LLC,Asia,4760,1,1625.83,1625.83
Fritz-Gill,Middle East and North Africa,5421,1,1629.75,1629.75
Williams Ltd,Europe,4733,1,1656.53,1656.53
Parker-Nelson,Asia,3914,1,1668.02,1668.02
Gonzales and Sons,North America,1067,1,1670.01,1670.01
"Wood, Cole and Morales",Europe,972,1,1682.36,1682.36
Marshall Ltd,North America,5729,1,1685.99,1685.99
"Phelps, Smith and Jones",Oceania,1633,1,1688.18,1688.18
Cherry Ltd,Middle East and North Africa,2538,1,1695.8,1695.8
Taylor PLC,South America,4608,1,1696.02,1696.02
Dillon Inc,South America,1097,1,1696.13,1696.13
"Randall, Gallegos and Anthony",Asia,5353,1,1697.26,1697.26
Weeks-Keller,South America,5380,1,1707.09,1707.09
"Boyd, Brown and Huber",Middle East and North Africa,1053,1,1712.85,1712.85
"Saunders, Nicholson and Park",Africa,3746,1,1714.23,1714.23
"Hess, Evans and Padilla",South America,2583,1,1720.18,1720.18
Scott-Strong,Asia,3119,1,1728.74,1728.74
Smith Ltd,Middle East and North Africa,2019,1,1759.43,1759.43
Ruiz-Hunt,North America,2711,1,1761.28,1761.28
Martin Group,Asia,4363,1,1768.5,1768.5
Johnson LLC,Asia,4532,1,1787.73,1787.73
Barron-Molina,Middle East and North Africa,5449,1,1796.4,1796.4
"Andersen, Frank and Wade",Oceania,4360,1,1808.33,1808.33
"Miranda, Evans and Bowen",North America,5549,1,1821.43,1821.43
Kelly-Marshall,Europe,4067,1,1827.09,1827.09
Stark-Olson,North America,3793,1,1839.79,1839.79
Stevens LLC,Middle East and North Africa,2736,1,1848.86,1848.86
Stewart-Roach,South America,1348,1,1856.37,1856.37
Keller-Watson,Europe,2649,1,1856.53,1856.53
Evans Ltd,Europe,4209,1,1860.73,1860.73
Mueller Ltd,Europe,3378,1,1874.14,1874.14
Townsend-Stark,Middle East and North Africa,1914,1,1875.6,1875.6
Hayes and Sons,Middle East and North Africa,3458,1,1876.6,1876.6
Cooper PLC,Middle East and North Africa,2780,1,1892.97,1892.97
"Lawson, Jenkins and Harris",Oceania,3960,1,1896.44,1896.44
"Delgado, Marshall and Cox",Africa,926,1,1897.63,1897.63
"Harper, Wood and Davis",Asia,5213,1,1906.08,1906.08
Keller Inc,Middle East and North Africa,4595,1,1915.84,1915.84
"Terry, Larson and Singleton",Middle East and North Africa,4227,1,1924.99,1924.99
"Hernandez, Evans and Williams",Europe,4409,1,1925.51,1925.51
Baker LLC,Oceania,1972,1,1938.35,1938.35
"Garcia, Montgomery and Dodson",Africa,5059,1,1940.46,1940.46
"Johnston, Reynolds and Schmitt",North America,1030,1,1945.42,1945.42
Oliver-Vang,Europe,4118,1,1960.21,1960.21
Jones Inc,Europe,2383,1,1976.0,1976.0
"Garcia, Harrington and Anderson",Oceania,3652,1,1976.75,1976.75
Cross Group,Europe,2907,1,1978.65,1978.65
Cooley-Decker,Europe,3144,1,1986.3,1986.3
Middleton-Wiley,South America,5556,1,1988.62,1988.62
Perez and Sons,South America,3600,1,1991.74,1991.74
Huff-Martin,North America,5855,1,1992.05,1992.05
Marquez Group,Asia,5380,1,2006.19,2006.19
Brown-Allen,Middle East and North Africa,808,1,2007.09,2007.09
Decker PLC,North America,5062,1,2009.98,2009.98
"Kramer, Huber and Nicholson",Europe,3238,1,2014.97,2014.97
Jordan-Myers,Europe,956,1,2016.36,2016.36
Anderson-Parrish,Middle East and North Africa,5344,1,2040.26,2040.26
Gregory-Lowery,Europe,3512,1,2043.62,2043.62
Thompson-Morris,Oceania,5230,1,2086.81,2086.81
Gregory-Hartman,Middle East and North Africa,2527,1,2086.93,2086.93
"Adams, Young and Black",Middle East and North Africa,3550,1,2087.87,2087.87
"Campbell, Lewis and Leach",South America,1683,1,2135.12,2135.12
"King, Marsh and Marshall",North America,4556,1,2145.85,2145.85
"Olsen, Sims and Matthews",Oceania,2324,1,2149.96,2149.96
Taylor PLC,North America,5830,1,2163.52,2163.52
"Hunt, Hendricks and White",Oceania,2526,1,2171.15,2171.15
"Jennings, Munoz and Wu",South America,5134,1,2179.11,2179.11
"Santos, King and Mercado",Europe,1526,1,2202.25,2202.25
"Brown, Zamora and Aguilar",Asia,3179,1,2212.52,2212.52
Hall LLC,Middle East and North Africa,5359,1,2219.6,2219.6
Williams and Sons,Africa,5867,1,2222.74,2222.74
Atkinson-Ward,Middle East and North Africa,4430,1,2238.56,2238.56
"Murphy, Perry and Soto",South America,1641,1,2243.17,2243.17
"Wang, West and Reynolds",Europe,5334,1,2250.4,2250.4
Davis and Sons,North America,4252,1,2256.26,2256.26
Stevens-Murray,North America,1614,1,2270.34,2270.34
"Lee, Curry and Carter",Oceania,4004,1,2309.9,2309.9
"Watson, Bailey and Ellis",South America,1174,1,2311.87,2311.87
Jackson and Sons,Europe,4215,1,2316.8,2316.8
Ferrell Inc,North America,2914,1,2320.73,2320.73
Smith-Pierce,South America,1733,1,2343.41,2343.41
"Hampton, Lopez and Cunningham",North America,1767,1,2345.41,2345.41
Parker Group,Africa,5821,1,2349.01,2349.01
"Ruiz, Holmes and Smith",North America,3509,1,2353.29,2353.29
"Miller, Knight and Christensen",North America,2518,1,2359.77,2359.77
Woods Group,North America,2375,1,2376.96,2376.96
Jennings Inc,Africa,3218,1,2379.03,2379.03
"Olsen, Mccormick and Hansen",South America,2497,1,2385.31,2385.31
Lopez Inc,Africa,2255,1,2396.12,2396.12
Hunt-Crawford,Asia,1696,1,2397.11,2397.11
"Garrison, Hill and Chapman",Europe,2935,1,2402.98,2402.98
Hunter and Sons,Asia,5144,1,2412.24,2412.24
Smith-Leonard,Europe,4740,1,2415.09,2415.09
Hogan-Sloan,South America,1522,1,2416.02,2416.02
Richardson and Sons,Africa,3423,1,2422.5,2422.5
Dawson-Murray,South America,4823,1,2428.75,2428.75
"Hardy, Gonzalez and Pierce",North America,1768,1,2433.81,2433.81
Mata-Moore,Europe,1074,1,2433.92,2433.92
Swanson-Harding,Africa,4607,1,2439.84,2439.84
Smith-Harris,South America,2776,1,2448.48,2448.48
Reid Group,Asia,1661,1,2452.48,2452.48
Price LLC,Middle East and North Africa,1683,1,2468.22,2468.22
Key PLC,Asia,1818,1,2468.29,2468.29
Chavez Ltd,Europe,3121,1,2497.85,2497.85
Carter PLC,Africa,3121,1,2507.17,2507.17
Scott-Espinoza,Asia,872,1,2518.4,2518.4
Gilmore-Bradley,Europe,926,1,2526.99,2526.99
"Pennington, Mcintosh and Nelson",Oceania,1751,1,2541.86,2541.86
"Brady, Kelly and Adams",Middle East and North Africa,4863,1,2585.91,2585.91
Garcia PLC,Middle East and North Africa,1624,1,2603.36,2603.36
Bentley Ltd,Middle East and North Africa,4272,1,2611.87,2611.87
"Allen, Wright and Price",Europe,3050,1,2612.34,2612.34
Perez-Wong,South America,4234,1,2662.52,2662.52
Cook LLC,Europe,2348,1,2671.63,2671.63
Holmes-Hart,Africa,5575,1,2692.78,2692.78
"Collins, Fleming and Garza",Europe,3832,1,2710.91,2710.91
Smith PLC,Oceania,2431,1,2723.77,2723.77
Juarez LLC,Asia,2777,1,2740.28,2740.28
Cameron-Bowman,North America,1766,1,2756.45,2756.45
Stafford Ltd,Africa,4516,1,2760.26,2760.26
"Smith, Bell and White",Middle East and North Africa,5402,1,2783.51,2783.51
"Smith, Torres and Williams",Middle East and North Africa,905,1,2796.35,2796.35
"Jimenez, Finley and Rivera",South America,3846,1,2809.53,2809.53
Brown PLC,South America,3816,1,2822.75,2822.75
Holloway-Jackson,Asia,5037,1,2829.59,2829.59
"Lee, Rich and Ferguson",North America,2405,1,2832.9,2832.9
Miller-Boyer,South America,1770,1,2854.89,2854.89
"Rowe, Beck and Boyd",Middle East and North Africa,3515,1,2861.79,2861.79
Pena-Gregory,Europe,4850,1,2872.86,2872.86
"Blair, Thomas and Elliott",Oceania,2432,1,2885.1,2885.1
"Cross, Parker and Flores",South America,4466,1,2896.53,2896.53
Garcia-Olsen,Oceania,2057,1,2912.37,2912.37
"Carson, Mcconnell and Jordan",Africa,4141,1,2920.08,2920.08
Williams-Fisher,Africa,5738,1,2920.85,2920.85
Chavez LLC,Oceania,1601,1,2926.81,2926.81
Padilla-Clark,North America,3754,1,2927.51,2927.51
"Hughes, Payne and Armstrong",South America,2225,1,2964.52,2964.52
Perry and Sons,Africa,1957,1,2969.69,2969.69
Mitchell-Gentry,South America,4161,1,2970.02,2970.02
Massey-Maldonado,Africa,5729,1,2974.08,2974.08
Horne-Davis,North America,2453,1,2983.24,2983.24
Henderson Ltd,Middle East and North Africa,5754,1,2990.15,2990.15
Parker-Smith,Middle East and North Africa,4010,1,3008.69,3008.69
Friedman Inc,Middle East and North Africa,2487,1,3011.22,3011.22
"Bird, Nichols and Foley",Middle East and North Africa,4930,1,3012.87,3012.87
Maxwell Group,Europe,5146,1,3024.99,3024.99
Villegas PLC,Middle East and North Africa,5168,1,3034.93,3034.93
Allison Group,Oceania,5005,1,3039.99,3039.99
King-Buchanan,Africa,3128,1,3040.07,3040.07
Johnson-Barnes,North America,3340,1,3058.33,3058.33
Hubbard Group,Europe,2887,1,3090.24,3090.24
"Boone, Nelson and Dickerson",Europe,1330,1,3091.22,3091.22
Johnson-Cooper,Oceania,3985,1,3108.81,3108.81
Miller-Stark,Africa,1405,1,3146.45,3146.45
"Smith, Hernandez and Patton",North America,5621,1,3148.1,3148.1
Beasley-Thomas,Oceania,5229,1,3150.65,3150.65
Woods Group,Europe,5413,1,3166.55,3166.55
Monroe Group,Middle East and North Africa,5801,1,3178.41,3178.41
Smith-Miller,South America,4060,1,3180.21,3180.21
"Olson, Williamson and Cole",Asia,5337,1,3183.35,3183.35
Berry PLC,South America,1520,1,3226.47,3226.47
Morgan and Sons,Europe,3851,1,3237.4,3237.4
Carlson-Curry,South America,3261,1,3273.18,3273.18
Jacobs-Wallace,Asia,3078,1,3276.69,3276.69
Garner-Williams,North America,1615,1,3281.03,3281.03
"Sims, Davidson and Jenkins",Asia,3172,1,3282.2,3282.2
Oconnell and Sons,Europe,4797,1,3293.12,3293.12
"Conway, Valdez and Medina",North America,2535,1,3293.53,3293.53
Larson LLC,South America,5377,1,3304.67,3304.67
Dominguez PLC,Africa,3649,1,3323.87,3323.87
"Cummings, Black and Lucero",North America,3591,1,3331.9,3331.9
"Salas, Christian and Smith",Oceania,933,1,3344.65,3344.65
Stewart-Anderson,Africa,5051,1,3361.72,3361.72
Freeman-Price,South America,2157,1,3388.71,3388.71
Scott-Ramirez,South America,4631,1,3402.84,3402.84
Odonnell-Gibson,Asia,4009,1,3403.14,3403.14
"Mcbride, Garza and Paul",Asia,3545,1,3417.98,3417.98
Gates-Mcdonald,Africa,3600,1,3419.23,3419.23
Lopez and Sons,South America,5050,1,3427.46,3427.46
Zamora-Bryant,Europe,4536,1,3447.65,3447.65
Walton Ltd,North America,3499,1,3452.49,3452.49
"Cross, Stephenson and Williams",Africa,2902,1,3458.71,3458.71
"Forbes, Haynes and Miller",Oceania,2948,1,3461.24,3461.24
Wilson-Murphy,Asia,5777,1,3461.55,3461.55
Pearson PLC,Asia,5313,1,3463.04,3463.04
"Kennedy, Spence and Smith",North America,2838,1,3488.87,3488.87
Jacobs-Miller,Europe,3977,1,3493.82,3493.82
Mcguire and Sons,Europe,1774,1,3504.54,3504.54
Weiss-Bennett,Asia,978,1,3508.06,3508.06
"Roberts, Myers and Rogers",Oceania,3519,1,3509.88,3509.88
Zamora Ltd,Africa,2284,1,3520.07,3520.07
"Burnett, Mcbride and Crawford",Middle East and North Africa,1043,1,3557.01,3557.01
Davis-Rosales,North America,5056,1,3560.51,3560.51
"Lindsey, Mcclain and Jones",Middle East and North Africa,2199,1,3590.82,3590.82
"Luna, Parker and Alexander",Asia,2303,1,3595.16,3595.16
Santiago LLC,Europe,5570,1,3595.79,3595.79
"Collins, Carter and Anderson",Africa,1366,1,3601.1,3601.1
"Coleman, Taylor and Archer",Asia,4574,1,3602.35,3602.35
"Henderson, Schmidt and Johnson",Europe,5742,1,3605.09,3605.09
Bowman Inc,South America,5862,1,3611.71,3611.71
Molina Ltd,South America,1411,1,3637.25,3637.25
Kline-Buck,Asia,5193,1,3639.91,3639.91
Burton PLC,North America,5017,1,3642.43,3642.43
"Valencia, Strong and Joyce",Africa,4667,1,3645.57,3645.57
"Medina, Williams and Brown",Middle East and North Africa,3497,1,3649.58,3649.58
"Jones, Velasquez and Hurst",Africa,4216,1,3654.81,3654.81
"James, Shaw and Allison",Asia,2364,1,3655.52,3655.52
Mcdonald Ltd,North America,4251,1,3678.14,3678.14
Harding Inc,South America,2569,1,3685.54,3685.54
Wallace Group,Asia,1953,1,3704.49,3704.49
"Holland, Parks and Johnson",North America,2615,1,3706.52,3706.52
Cole-Anderson,Africa,4200,1,3717.03,3717.03
Berg-Briggs,South America,1707,1,3717.26,3717.26
Garcia-Smith,Middle East and North Africa,2289,1,3719.96,3719.96
Powell LLC,Middle East and North Africa,4730,1,3721.63,3721.63
"Grant, Flowers and Hendricks",Africa,4476,1,3730.87,3730.87
Thompson-George,Oceania,3406,1,3731.85,3731.85
Garcia and Sons,Europe,3244,1,3738.5,3738.5
Mccoy-Bright,Middle East and North Africa,3126,1,3748.11,3748.11
Gill Group,Middle East and North Africa,5036,1,3752.51,3752.51
"Marshall, Gray and Allen",North America,3686,1,3761.82,3761.82
Hart Inc,Middle East and North Africa,5133,1,3769.82,3769.82
"Robinson, Brady and Mueller",Oceania,4547,1,3774.59,3774.59
"Cruz, King and Vincent",Middle East and North Africa,5010,1,3777.23,3777.23
Roberson and Sons,North America,4434,1,3792.59,3792.59
"Roman, Hodges and Martinez",Middle East and North Africa,5731,1,3807.56,3807.56
"King, Marshall and Wilson",Oceania,2581,1,3815.48,3815.48
"Smith, Walter and Taylor",Africa,2488,1,3819.07,3819.07
"Gardner, Fuller and Hill",Africa,4625,1,3821.98,3821.98
Brown Ltd,North America,2454,1,3836.46,3836.46
"Williams, Randall and Wall",Oceania,1971,1,3844.92,3844.92
Mendoza-Avila,Middle East and North Africa,4209,1,3868.35,3868.35
Palmer PLC,Oceania,5834,1,3876.72,3876.72
Kennedy LLC,Africa,4294,1,3877.78,3877.78
"Hawkins, Lopez and Chandler",Asia,3569,1,3903.26,3903.26
Jacobs PLC,Oceania,2801,1,3913.56,3913.56
Williams and Sons,Middle East and North Africa,2626,1,3929.49,3929.49
Jenkins-Ryan,Africa,2976,1,3935.76,3935.76
Rangel-Hogan,Africa,1482,1,3938.75,3938.75
Jimenez PLC,South America,2786,1,3941.44,3941.44
Nicholson PLC,Oceania,3528,1,3941.62,3941.62
Reed Group,North America,2604,1,3943.47,3943.47
Martinez Inc,South America,4948,1,3967.58,3967.58
Young LLC,Middle East and North Africa,5611,1,3968.24,3968.24
Ball LLC,Asia,4516,1,3990.89,3990.89
"Clements, Parker and Reyes",Europe,3652,1,4005.48,4005.48
Hall PLC,Europe,5755,1,4037.99,4037.99
"Berry, Brown and Hicks",Middle East and North Africa,2145,1,4045.78,4045.78
"Sampson, Nelson and Kemp",South America,2201,1,4099.3,4099.3
"Johnson, Lawrence and Brown",Africa,4044,1,4152.35,4152.35
Adams-Watson,South America,3902,1,4154.43,4154.43
"Kim, Nelson and Salazar",Asia,992,1,4165.54,4165.54
Petersen-King,North America,1870,1,4173.89,4173.89
Martinez-Carroll,Asia,1038,1,4175.66,4175.66
"Jackson, Klein and Miller",Africa,3009,1,4180.78,4180.78
Ross PLC,Asia,979,1,4185.68,4185.68
Riddle Group,Oceania,3570,1,4197.39,4197.39
"Perez, Hernandez and Anderson",Africa,5590,1,4208.63,4208.63
Anderson Inc,Oceania,4740,1,4209.99,4209.99
Miller-Stevens,Africa,1046,1,4211.7,4211.7
Cruz-Roberts,Asia,3781,1,4220.97,4220.97
Jones Group,South America,5168,1,4245.24,4245.24
Lopez LLC,Middle East and North Africa,1724,1,4247.47,4247.47
"Clark, Hall and Clark",Europe,4752,1,4254.36,4254.36
Frazier and Sons,Asia,3786,1,4254.89,4254.89
"Richardson, Mahoney and Lopez",Oceania,1877,1,4293.95,4293.95
"Taylor, Shepherd and Hobbs",Middle East and North Africa,1143,1,4316.78,4316.78
"Smith, Oliver and Wong",Middle East and North Africa,4071,1,4318.3,4318.3
"Hughes, Alvarez and Barrera",Africa,5833,1,4319.94,4319.94
Dodson-Howard,Africa,5735,1,4320.88,4320.88
"Silva, Aguilar and Harris",North America,1788,1,4325.91,4325.91
"Roberts, Willis and Cooper",Oceania,3325,1,4330.1,4330.1
Ross-Erickson,Africa,3845,1,4335.25,4335.25
Gordon Group,Oceania,5422,1,4352.83,4352.83
Hinton Ltd,Europe,2972,1,4355.09,4355.09
"Tucker, Rogers and Pittman",South America,5145,1,4368.31,4368.31
"Dominguez, Jones and Brown",Africa,2640,1,4372.58,4372.58
"Tate, Green and Carter",South America,3616,1,4372.65,4372.65
Watson-Gross,North America,2401,1,4423.52,4423.52
Horn-Mcconnell,Oceania,5581,1,4430.49,4430.49
Aguilar Group,South America,5372,1,4440.41,4440.41
Stephens-Weber,Asia,4824,1,4531.15,4531.15
"Garcia, Brooks and Wilson",Middle East and North Africa,3135,1,4533.24,4533.24
"Barajas, King and Phelps",South America,3640,1,4544.96,4544.96
Kelly and Sons,North America,5804,1,4550.73,4550.73
Rivera-Ochoa,North America,2228,1,4558.24,4558.24
Newton-Harrison,Africa,5432,1,4570.47,4570.47
"Nunez, Silva and Craig",North America,3272,1,4600.69,4600.69
Ward PLC,Oceania,3740,1,4615.32,4615.32
Simpson-Ross,Asia,1929,1,4619.69,4619.69
Mann Group,Middle East and North Africa,2241,1,4629.42,4629.42
Stephens and Sons,North America,5026,1,4632.56,4632.56
Miller LLC,Africa,2371,1,4652.1,4652.1
Holmes LLC,Oceania,1235,1,4654.92,4654.92
Wilson-Allen,South America,5874,1,4670.6,4670.6
Smith and Sons,Oceania,4758,1,4672.84,4672.84
"Brown, Mccann and Burton",Asia,3728,1,4678.38,4678.38
"Evans, Haynes and Herring",Africa,4816,1,4689.01,4689.01
Smith PLC,Middle East and North Africa,832,1,4695.67,4695.67
Lewis-Sparks,Oceania,1022,1,4700.49,4700.49
"Estrada, Phillips and Bean",Africa,1973,1,4701.3,4701.3
"Lambert, Ramirez and Rivera",South America,3618,1,4703.48,4703.48
"Reilly, Butler and Yates",South America,3731,1,4704.93,4704.93
Pace PLC,Europe,1266,1,4715.62,4715.62
Ramirez-Anderson,Africa,1572,1,4717.85,4717.85
"Martin, Anderson and Brooks",Middle East and North Africa,4038,1,4728.75,4728.75
"Lawson, Mcguire and Haas",Oceania,1365,1,4730.73,4730.73
"Zamora, Lopez and Nielsen",Asia,5605,1,4734.15,4734.15
"Morris, Gardner and Vang",South America,2434,1,4737.99,4737.99
"Rubio, Perry and Dennis",Europe,1718,1,4744.93,4744.93
Montgomery-Jordan,Middle East and North Africa,5432,1,4752.32,4752.32
"Shepherd, Young and Rodriguez",Europe,3260,1,4764.72,4764.72
Powell Inc,Africa,5611,1,4781.78,4781.78
Pena-Rose,Middle East and North Africa,4048,1,4792.39,4792.39
Rich PLC,South America,4714,1,4805.92,4805.92
Meza LLC,Africa,1649,1,4810.71,4810.71
Fisher and Sons,Asia,4234,1,4812.0,4812.0
Jefferson PLC,Europe,2731,1,4831.91,4831.91
"Williams, Cook and Jones",Asia,5356,1,4836.62,4836.62
Palmer LLC,Oceania,4424,1,4840.32,4840.32
Conrad PLC,South America,2234,1,4846.24,4846.24
Moore LLC,Asia,4804,1,4850.82,4850.82
"Coleman, Pope and Suarez",South America,1402,1,4860.06,4860.06
"Boyd, Vance and Sparks",North America,2529,1,4880.81,4880.81
Webb-Moody,Europe,2848,1,4883.87,4883.87
"Smith, Garrett and Bowers",Europe,5402,1,4884.06,4884.06
Brewer Group,Africa,1444,1,4884.41,4884.41
Townsend-Jones,Middle East and North Africa,2006,1,4888.23,4888.23
"Anderson, Harding and Frank",Middle East and North Africa,4311,1,4895.17,4895.17
Zuniga-House,Oceania,5554,1,4898.31,4898.31
Ryan Inc,South America,3579,1,4916.41,4916.41
Joyce-Bennett,Africa,1073,1,4918.28,4918.28
Cox and Sons,North America,3467,1,4927.2,4927.2
"Porter, Sanchez and Fisher",Oceania,5458,1,4932.91,4932.91
Cox-Morales,Europe,2578,1,4977.2,4977.2
Jones-Henry,North America,3665,1,5000.14,5000.14
Berry Group,South America,1989,1,5014.94,5014.94
"Thomas, Williams and Hamilton",Oceania,3835,1,5026.32,5026.32
"Santana, Miller and Hall",North America,5835,1,5037.64,5037.64
Bass Inc,Oceania,915,1,5039.72,5039.72
"Fuller, Ray and Reyes",Europe,5520,1,5040.8,5040.8
Wright-Woods,Africa,1023,1,5054.26,5054.26
Simpson Group,Europe,3949,1,5054.65,5054.65
Anderson and Sons,North America,3958,1,5071.64,5071.64
"Sanchez, Black and Carrillo",Middle East and North Africa,2872,1,5085.83,5085.83
Foster and Sons,North America,3769,1,5097.52,5097.52
"Cantu, Reese and Watson",Africa,5364,1,5097.59,5097.59
Reynolds Group,Oceania,4106,1,5098.93,5098.93
Smith-Osborn,Middle East and North Africa,4882,1,5109.91,5109.91
Mcintyre-Taylor,Africa,4449,1,5132.68,5132.68
Duarte Inc,Middle East and North Africa,1872,1,5149.22,5149.22
Tran Ltd,South America,1488,1,5157.24,5157.24
"Harris, Wilson and Bennett",South America,2052,1,5161.46,5161.46
Edwards-Long,South America,3502,1,5172.48,5172.48
"Alvarado, Haynes and Gates",Asia,3114,1,5174.41,5174.41
"Lawrence, Kramer and Sanders",South America,2529,1,5174.67,5174.67
"Yoder, Collins and Newton",Europe,5839,1,5175.82,5175.82
"Hoffman, Rivera and Gardner",Europe,4584,1,5199.1,5199.1
Rodriguez-Martinez,Europe,4798,1,5205.05,5205.05
"Moreno, Patterson and Schmidt",South America,3173,1,5205.91,5205.91
Garcia-Farmer,Middle East and North Africa,4177,1,5210.82,5210.82
Ramirez Ltd,North America,1314,2,5211.73,2605.865
"Dillon, Stafford and Young",Asia,3646,1,5214.45,5214.45
"Lewis, Murphy and Williams",Africa,2277,1,5224.52,5224.52
White-Noble,Oceania,3816,1,5228.03,5228.03
"Duffy, Bryant and Robertson",Asia,1011,1,5235.49,5235.49
Humphrey-Powers,Asia,2846,1,5236.83,5236.83
Bell and Sons,Europe,2539,1,5247.76,5247.76
"Bright, Anderson and Moore",South America,3852,1,5248.18,5248.18
Wells-Gonzalez,North America,5742,1,5248.86,5248.86
Lewis Inc,South America,2731,1,5249.98,5249.98
Torres Ltd,Middle East and North Africa,1597,1,5259.41,5259.41
Walker Group,Asia,2373,2,5261.33,2630.665
Simmons and Sons,South America,1280,1,5272.32,5272.32
Sims and Sons,Middle East and North Africa,2235,1,5273.37,5273.37
Austin and Sons,Oceania,2924,1,5274.72,5274.72
"Wilson, Stevens and Tran",Asia,3341,1,5275.13,5275.13
Evans-Spencer,Middle East and North Africa,1153,1,5278.87,5278.87
Rogers-Anderson,South America,2226,1,5313.42,5313.42
Reid Ltd,Middle East and North Africa,4457,1,5317.47,5317.47
"Gonzales, Preston and Norton",Oceania,3932,1,5322.14,5322.14
Young Ltd,North America,3421,1,5343.3,5343.3
Hernandez Group,Africa,2767,1,5349.18,5349.18
"Villarreal, Reyes and Cortez",South America,937,1,5365.09,5365.09
Gonzalez-Lucas,Middle East and North Africa,4394,1,5370.0,5370.0
"Ellis, Carpenter and Hunter",Asia,4899,1,5372.97,5372.97
Obrien LLC,Middle East and North Africa,5553,1,5381.34,5381.34
"Green, Hunter and Hernandez",Oceania,5292,1,5402.23,5402.23
Wilson Ltd,Middle East and North Africa,2021,1,5423.04,5423.04
"Thompson, Moore and Blackburn",Oceania,4277,1,5442.11,5442.11
Lopez Group,Europe,1868,1,5461.36,5461.36
Williams and Sons,Europe,1279,2,5478.2,2739.1
Coleman Group,South America,5588,1,5480.43,5480.43
Fletcher-Nelson,North America,2539,1,5489.36,5489.36
Davis-Wilson,Africa,5109,1,5509.79,5509.79
Wood-Miller,North America,1809,1,5520.56,5520.56
Reeves Inc,Asia,2217,1,5528.77,5528.77
Brady PLC,Asia,5390,1,5529.43,5529.43
Mcneil and Sons,Africa,5204,1,5544.33,5544.33
Blair-Reyes,Europe,1011,1,5545.51,5545.51
Young PLC,Europe,2140,1,5546.97,5546.97
Williams Inc,Asia,2208,1,5570.36,5570.36
Thomas Ltd,Africa,5383,1,5572.01,5572.01
Espinoza-Le,North America,3518,1,5581.36,5581.36
Huynh LLC,North America,5544,1,5585.94,5585.94
Norris-Rice,Oceania,1928,1,5617.74,5617.74
Johnson and Sons,Oceania,4993,1,5632.93,5632.93
"Bond, Adams and Compton",Asia,1251,1,5649.36,5649.36
Bradley Group,Middle East and North Africa,5069,1,5654.26,5654.26
Rice-Patterson,Europe,1629,1,5678.39,5678.39
Dean Group,Middle East and North Africa,2616,1,5679.28,5679.28
Thomas Ltd,South America,4816,1,5717.89,5717.89
"Foley, Macdonald and Bernard",Africa,3407,1,5720.94,5720.94
Vincent Inc,Middle East and North Africa,1964,1,5734.05,5734.05
Jenkins-Howard,South America,4342,1,5738.24,5738.24
"Ruiz, Phillips and Marshall",Asia,5141,1,5753.79,5753.79
"Marsh, Henson and Davis",Europe,3304,1,5754.0,5754.0
Camacho Group,Europe,3247,1,5780.2,5780.2
Henderson and Sons,Africa,1231,1,5782.56,5782.56
Mcdonald Group,North America,3070,1,5804.43,5804.43
"Guzman, Rowland and Morton",Europe,2671,1,5823.12,5823.12
Drake-Meadows,Asia,4305,1,5824.18,5824.18
Russell-Brown,North America,5482,1,5845.66,5845.66
Love-Reynolds,South America,2094,1,5852.06,5852.06
Delgado PLC,Africa,1458,1,5864.76,5864.76
Riggs-Chavez,Oceania,3131,1,5879.5,5879.5
"Salas, Kelly and Roy",Europe,1165,1,5894.56,5894.56
"Johnson, Banks and Hill",Europe,4918,1,5904.32,5904.32
"Harding, Meyers and Sanders",Oceania,4799,1,5909.18,5909.18
"Johnson, Decker and Foster",South America,5744,1,5931.86,5931.86
Schneider and Sons,Middle East and North Africa,3332,1,5949.89,5949.89
Ryan Group,Asia,3003,1,5956.02,5956.02
"Allen, Jordan and Taylor",Europe,3721,1,5967.16,5967.16
Gordon Group,South America,5559,1,5980.08,5980.08
Baldwin-Lopez,Oceania,1139,1,5986.37,5986.37
Ellis PLC,Asia,4515,1,5993.77,5993.77
"Wagner, Bailey and Richards",Africa,5647,1,5999.01,5999.01
Quinn-Shepherd,North America,1741,1,6007.48,6007.48
Brown LLC,Europe,1503,1,6024.24,6024.24
Williams-West,Europe,954,1,6039.91,6039.91
"Parker, Middleton and Scott",Oceania,3309,1,6085.94,6085.94
"Blackwell, Edwards and Ward",Middle East and North Africa,5461,1,6110.87,6110.87
Vaughan-Ferguson,North America,3312,1,6113.44,6113.44
Green-Simon,Oceania,1800,1,6114.77,6114.77
Davis PLC,North America,5393,1,6154.3,6154.3
Olsen Group,Middle East and North Africa,3419,1,6169.99,6169.99
Blankenship Group,Oceania,3506,1,6177.51,6177.51
"Lopez, Lawson and Myers",North America,1199,1,6180.1,6180.1
Taylor-Watts,Europe,855,1,6181.57,6181.57
Turner Inc,Asia,4919,1,6182.38,6182.38
Rodriguez-Shields,Middle East and North Africa,2479,1,6182.84,6182.84
Middleton-Carson,Asia,2742,1,6186.75,6186.75
Ramos Ltd,Middle East and North Africa,4373,1,6189.17,6189.17
Young Ltd,Asia,1692,1,6193.5,6193.5
"Gutierrez, Baldwin and Lopez",Asia,4056,1,6194.47,6194.47
Green LLC,Oceania,2769,1,6201.61,6201.61
Parrish-Thornton,Oceania,5202,1,6213.96,6213.96
"Mendez, May and Potter",Oceania,3812,1,6223.8,6223.8
Kennedy PLC,South America,2264,1,6229.95,6229.95
Davis-Martin,Middle East and North Africa,1435,1,6231.69,6231.69
Johnson-Garcia,Middle East and North Africa,2527,1,6270.52,6270.52
Burns-Bush,North America,1990,1,6279.94,6279.94
Medina Inc,South America,4075,1,6282.76,6282.76
"Burns, Johnson and Mills",Middle East and North Africa,1859,1,6283.41,6283.41
"Hinton, Jennings and Silva",Asia,5398,1,6329.05,6329.05
Nichols-Mahoney,Middle East and North Africa,4853,1,6339.65,6339.65
Moreno-Cox,Oceania,2501,1,6343.95,6343.95
Kidd-Hart,Oceania,4922,1,6344.33,6344.33
Anderson-Moore,Africa,1769,1,6375.71,6375.71
Baker Ltd,Africa,3779,1,6395.21,6395.21
Dillon-Dixon,Africa,2693,1,6400.72,6400.72
Anderson and Sons,Africa,1094,1,6404.06,6404.06
"Schwartz, Freeman and Miranda",Africa,1010,1,6404.95,6404.95
"Glenn, Johnson and Maxwell",North America,3210,1,6428.41,6428.41
Robertson-Thomas,Oceania,4044,1,6432.15,6432.15
Carney-Harris,Oceania,2876,1,6443.63,6443.63
"Sanford, Smith and Weber",Europe,787,1,6444.2,6444.2
Johnston Group,Oceania,1441,1,6450.02,6450.02
Perez PLC,Europe,3476,1,6466.02,6466.02
Fuller Group,South America,2147,1,6466.42,6466.42
"Arellano, Skinner and Davis",Oceania,4150,1,6471.73,6471.73
Carlson Ltd,North America,1288,1,6472.98,6472.98
Davis-Davis,South America,1416,1,6484.14,6484.14
Peterson LLC,North America,5217,1,6494.28,6494.28
Nichols-Bell,Europe,2237,1,6496.14,6496.14
"Carroll, Hamilton and Willis",North America,1533,1,6500.41,6500.41
Padilla Inc,Middle East and North Africa,1297,1,6507.07,6507.07
Haley LLC,North America,2187,1,6594.19,6594.19
Snyder-Parrish,Europe,5615,1,6606.68,6606.68
"Hernandez, Jenkins and Jones",Middle East and North Africa,4984,1,6609.82,6609.82
"Estes, Lindsey and Fuller",Africa,5317,1,6628.61,6628.61
Jenkins PLC,North America,3832,1,6636.96,6636.96
Becker-Lee,North America,4082,1,6646.29,6646.29
Mejia-Alvarez,Europe,4365,1,6660.64,6660.64
"Holt, Pratt and Chan",Africa,4643,1,6679.05,6679.05
"Johnson, Dixon and Jones",South America,4805,1,6729.52,6729.52
Navarro Ltd,Oceania,5512,1,6771.96,6771.96
"Wagner, Duarte and Gonzalez",South America,4632,1,6778.73,6778.73
"Taylor, Chan and Martin",North America,2509,1,6784.63,6784.63
"Anderson, Harris and Castillo",Africa,5872,1,6784.77,6784.77
Campbell-Acevedo,Middle East and North Africa,3798,1,6799.96,6799.96
Ball-Harris,Europe,3866,1,6814.08,6814.08
Phelps-Goodwin,Oceania,3601,1,6823.9,6823.9
Robinson Inc,South America,2659,1,6825.1,6825.1
Miller Inc,Europe,1683,1,6828.46,6828.46
Fisher-Nguyen,South America,5458,1,6844.54,6844.54
Sullivan-Morris,Oceania,5303,1,6850.59,6850.59
Barton-Warner,Europe,1008,1,6852.12,6852.12
"Harrison, Andrews and Brown",North America,4510,1,6871.01,6871.01
King-Evans,South America,3175,1,6876.65,6876.65
"Jackson, Davis and Cooper",South America,3733,1,6896.47,6896.47
Coleman-Duffy,South America,2599,1,6906.86,6906.86
"Knox, Massey and Ray",Asia,2507,1,6913.03,6913.03
Patterson Ltd,South America,3044,1,6913.51,6913.51
Rivera-Mahoney,Asia,2077,1,6913.99,6913.99
"Gonzalez, Lowery and Moran",North America,3791,1,6925.79,6925.79
Wong-Levy,North America,3254,1,6932.66,6932.66
"Jennings, Bowman and Brown",Europe,2896,1,6932.83,6932.83
Vargas-Martin,Asia,3681,1,6940.8,6940.8
"Hunter, Parrish and Salazar",North America,5110,1,6946.14,6946.14
Bradford Ltd,Europe,5132,1,6952.04,6952.04
Payne-Simon,North America,5017,1,6952.47,6952.47
Howard-Braun,South America,5388,1,6961.35,6961.35
Lindsey and Sons,South America,1902,1,6973.49,6973.49
Brown-Jimenez,Asia,4704,1,6993.38,6993.38
Thompson PLC,Europe,2660,1,7003.36,7003.36
Norton-Boyd,Europe,5252,1,7015.5,7015.5
"Dalton, Burton and Lopez",Oceania,3232,1,7016.36,7016.36
"Bowman, Combs and Simmons",Middle East and North Africa,4996,1,7027.81,7027.81
Keith-Floyd,Oceania,5857,1,7034.43,7034.43
Weiss-Harrington,Middle East and North Africa,5816,1,7037.82,7037.82
Waters-Baker,Asia,3207,1,7051.43,7051.43
Lindsey Inc,Asia,3738,1,7074.93,7074.93
Gordon and Sons,Middle East and North Africa,3267,1,7077.52,7077.52
Cook Inc,South America,1999,1,7080.51,7080.51
"Saunders, Sellers and Lee",Oceania,5139,1,7086.3,7086.3
Frey-Barry,South America,1285,1,7094.37,7094.37
Hodges-Burns,Oceania,5795,1,7101.79,7101.79
"Pennington, Lee and Phillips",North America,4090,1,7104.42,7104.42
"Kane, Madden and Grant",Asia,2032,1,7127.72,7127.72
Hanna and Sons,South America,2493,1,7129.69,7129.69
Lewis-Carey,South America,1346,1,7132.36,7132.36
Chavez Ltd,Middle East and North Africa,3496,1,7138.74,7138.74
Bell Group,Africa,2229,1,7147.04,7147.04
Smith LLC,South America,5543,1,7148.26,7148.26
Watkins-Santana,Asia,5862,1,7151.12,7151.12
Ellis and Sons,North America,2911,1,7164.43,7164.43
Clark-Ward,Asia,1632,1,7188.91,7188.91
"Rose, Lewis and Marsh",Middle East and North Africa,4484,1,7190.8,7190.8
"Mcgee, Simon and Hart",South America,955,1,7198.43,7198.43
Avery and Sons,Asia,3204,1,7205.09,7205.09
"Murray, Jones and Phillips",Asia,4429,1,7220.55,7220.55
Morrison PLC,Middle East and North Africa,3548,1,7232.51,7232.51
Villanueva PLC,North America,1433,1,7233.05,7233.05
"Garcia, Miller and Morgan",Africa,1400,1,7233.64,7233.64
Schaefer-Collier,Europe,2037,1,7238.42,7238.42
Fox LLC,North America,2721,1,7246.25,7246.25
Watson Ltd,Asia,1445,1,7246.69,7246.69
Duffy-Jackson,South America,5461,1,7253.77,7253.77
Anderson-Lewis,Oceania,787,1,7255.91,7255.91
Jones LLC,North America,883,1,7257.59,7257.59
"Scott, Peters and Lopez",Africa,901,1,7266.36,7266.36
Lam-Lee,Europe,3796,1,7268.08,7268.08
"Tran, Barajas and Lowe",South America,2370,1,7270.15,7270.15
Thornton Inc,Oceania,2993,1,7277.38,7277.38
Watson and Sons,North America,3976,1,7278.01,7278.01
"Mueller, Mccullough and Wagner",Oceania,3764,1,7296.31,7296.31
Santiago-Ball,North America,4381,1,7300.44,7300.44
"Jimenez, Black and Cochran",North America,4316,1,7320.02,7320.02
"Gonzalez, Perez and Kirby",North America,2296,1,7320.6,7320.6
"Harris, Taylor and Miller",Oceania,3098,1,7338.35,7338.35
Bennett PLC,South America,2161,1,7354.1,7354.1
"Wilcox, Davis and Lopez",South America,1474,1,7358.37,7358.37
Reeves-Hoffman,North America,2761,1,7358.73,7358.73
Padilla Inc,Asia,835,1,7361.1,7361.1
Kennedy PLC,Oceania,862,1,7383.01,7383.01
Graham Group,Africa,3580,1,7384.55,7384.55
Neal Ltd,Middle East and North Africa,3056,1,7392.16,7392.16
"Wiggins, Williams and Suarez",South America,3206,1,7413.09,7413.09
"Wu, Phelps and Nixon",Asia,959,1,7415.14,7415.14
"Holloway, Garcia and Castro",Asia,2753,1,7446.74,7446.74
Flores-Washington,North America,4969,1,7462.86,7462.86
"Jones, Marks and Hamilton",Oceania,1474,1,7470.18,7470.18
Lloyd Inc,Asia,5052,1,7482.77,7482.77
Turner LLC,North America,2663,1,7491.72,7491.72
"Moon, Smith and Richardson",Asia,2687,1,7496.06,7496.06
Bailey and Sons,South America,2955,1,7496.12,7496.12
Turner Inc,South America,2653,1,7502.57,7502.57
Hernandez-Nelson,South America,3257,1,7510.38,7510.38
Harris Ltd,North America,5512,1,7512.0,7512.0
"Smith, Williamson and Wright",Middle East and North Africa,5073,1,7533.01,7533.01
Holland-Garrison,North America,3949,1,7538.32,7538.32
Gonzalez-Wright,South America,4223,1,7553.35,7553.35
Brown-Morales,North America,1548,1,7556.68,7556.68
Christensen-Lewis,Europe,2594,1,7562.84,7562.84
Johnston-Miller,Oceania,1296,1,7567.34,7567.34
Jones-Rodriguez,Oceania,2480,1,7569.86,7569.86
Carter-Barrett,North America,4745,1,7574.81,7574.81
"Cruz, Harris and Hurst",Africa,2360,1,7579.29,7579.29
Smith-Hudson,Africa,3185,1,7612.87,7612.87
"Diaz, Sullivan and Miller",Europe,1522,1,7612.99,7612.99
Tran-Spencer,Europe,4163,1,7638.23,7638.23
Smith Inc,Africa,1581,1,7643.39,7643.39
Price-Willis,Asia,5613,1,7645.67,7645.67
George Inc,North America,5617,1,7659.28,7659.28
"Black, Gill and Gonzalez",North America,4349,1,7666.83,7666.83
Bowers-Everett,Oceania,780,1,7675.5,7675.5
Keith PLC,Middle East and North Africa,4455,1,7684.25,7684.25
Leach-Stephens,North America,3362,1,7684.31,7684.31
"Stevens, Garcia and Hernandez",South America,1999,1,7699.95,7699.95
Davis-Perkins,Europe,4964,1,7733.31,7733.31
"Baxter, Miles and Fernandez",Middle East and North Africa,5508,1,7734.83,7734.83
Suarez and Sons,Europe,2839,1,7740.71,7740.71
"Wells, Martinez and Williams",Europe,5356,1,7763.97,7763.97
Brewer-Ross,South America,1104,1,7773.06,7773.06
Robles LLC,South America,877,1,7781.51,7781.51
"Nguyen, Wise and Cannon",North America,5039,1,7784.09,7784.09
"Snyder, Murray and Wade",Asia,1379,1,7786.99,7786.99
"Harris, Keith and Maldonado",Asia,5679,1,7817.76,7817.76
Ward-Owens,Europe,3468,1,7818.23,7818.23
Howard-Johnson,Asia,2895,1,7826.56,7826.56
Jones-Harris,Middle East and North Africa,1702,1,7834.06,7834.06
Byrd-Mcclure,Europe,2436,1,7849.62,7849.62
Anderson-Perez,Oceania,1246,1,7850.52,7850.52
Parker-Perry,Africa,3040,1,7855.21,7855.21
Miller-Bell,Asia,3235,1,7856.39,7856.39
Todd Ltd,Middle East and North Africa,1062,1,7974.99,7974.99
"Patterson, Jackson and Klein",Middle East and North Africa,3829,1,8011.18,8011.18
Ho-Whitney,Africa,3492,1,8017.49,8017.49
Hill-Smith,Europe,3086,1,8074.29,8074.29
Norton Group,North America,2612,1,8080.87,8080.87
"Phillips, Mata and Reese",South America,5147,1,8099.0,8099.0
Johnson-Mullins,Asia,5873,1,8105.66,8105.66
Perez-Solis,Asia,4424,1,8140.79,8140.79
"Cook, Collins and Flores",Africa,4755,1,8160.22,8160.22
Pennington Inc,Middle East and North Africa,5514,1,8180.02,8180.02
Parker-Long,South America,5885,1,8213.55,8213.55
Miller Inc,North America,970,1,8214.59,8214.59
Buchanan Inc,South America,2671,1,8222.68,8222.68
"Cohen, Roy and Jacobs",North America,5098,1,8228.16,8228.16
"George, Gardner and Burke",North America,1344,1,8234.52,8234.52
"Wright, Clayton and Gibbs",Asia,4685,1,8237.08,8237.08
Smith PLC,North America,3305,1,8264.56,8264.56
Pierce-Sanders,Middle East and North Africa,5343,1,8268.3,8268.3
Campbell and Sons,Asia,1146,1,8271.39,8271.39
Reynolds PLC,Oceania,4454,1,8276.48,8276.48
Howard LLC,Asia,2522,1,8298.38,8298.38
Mitchell Inc,Europe,3695,1,8301.16,8301.16
Johnson Inc,Africa,4405,1,8303.53,8303.53
Johnson Ltd,North America,1324,1,8326.39,8326.39
"Wu, Miller and Ramos",Europe,2566,1,8334.93,8334.93
Mason Group,Africa,4625,1,8338.65,8338.65
"Harris, Smith and Black",Asia,2802,1,8344.93,8344.93
"French, Barker and Bowers",Europe,4576,1,8360.54,8360.54
Silva-Barker,Africa,1099,1,8363.78,8363.78
Bates Ltd,Europe,2575,1,8363.91,8363.91
Hill-Roberts,Europe,3847,1,8370.22,8370.22
Griffin and Sons,Africa,2209,1,8377.88,8377.88
Roberts Group,Middle East and North Africa,1361,1,8402.27,8402.27
Griffin LLC,Middle East and North Africa,1085,1,8402.93,8402.93
"Davis, Mcdonald and Mckinney",Africa,5198,1,8411.68,8411.68
"Richardson, Perez and Walker",North America,5840,1,8418.98,8418.98
Jimenez and Sons,Asia,3179,1,8426.23,8426.23
"Vance, Sawyer and Smith",North America,814,1,8443.94,8443.94
"Schmidt, Hall and Sims",Middle East and North Africa,4791,1,8444.31,8444.31
Brown-Brown,Oceania,5003,1,8449.47,8449.47
"Rojas, Franklin and Jackson",North America,4697,1,8454.4,8454.4
Richards-Murphy,Africa,2852,1,8465.22,8465.22
"Anderson, Riddle and Fields",Middle East and North Africa,3882,1,8488.72,8488.72
Galloway LLC,Africa,883,1,8488.86,8488.86
Bennett Inc,Oceania,1179,1,8492.29,8492.29
"Taylor, Delgado and Todd",Asia,999,1,8499.25,8499.25
Bryan-Matthews,Middle East and North Africa,1368,1,8505.16,8505.16
"Esparza, Rodgers and Turner",Asia,1957,1,8510.63,8510.63
Baker PLC,Africa,5874,1,8524.97,8524.97
Wilson-David,Middle East and North Africa,1366,1,8530.23,8530.23
Williams PLC,Oceania,1279,1,8538.6,8538.6
Ramos LLC,South America,2751,1,8542.33,8542.33
"Foley, Bell and Peters",South America,1907,1,8555.28,8555.28
Hernandez PLC,Oceania,4932,1,8562.5,8562.5
"Graham, Lee and Snyder",Oceania,3483,1,8567.85,8567.85
"Martin, Rogers and Dunn",Europe,880,1,8580.34,8580.34
Holden-Shaffer,South America,3952,1,8590.32,8590.32
Stein Group,South America,1253,1,8597.27,8597.27
"Morgan, Mitchell and Lee",Oceania,2557,1,8621.78,8621.78
Leach PLC,Oceania,927,1,8658.63,8658.63
"Williams, Stark and Griffith",South America,5715,1,8674.26,8674.26
"Figueroa, Lane and Johnson",Middle East and North Africa,3224,1,8675.61,8675.61
Taylor-Molina,Asia,5317,1,8691.58,8691.58
Stewart Inc,Oceania,4391,1,8692.18,8692.18
"Schneider, Stewart and Williams",North America,3839,1,8693.37,8693.37
Daniel Group,Middle East and North Africa,2282,1,8710.13,8710.13
"Chavez, Thornton and Miller",North America,1196,1,8716.47,8716.47
Gonzales-Carter,South America,1364,1,8737.24,8737.24
Perkins Ltd,South America,5279,1,8741.93,8741.93
Marshall Group,South America,4137,1,8745.91,8745.91
Moore-Reilly,Europe,5457,1,8750.11,8750.11
Fuentes Ltd,Africa,5328,1,8762.27,8762.27
Thompson-Martin,Oceania,5758,1,8766.76,8766.76
Thompson-Villanueva,Africa,4209,1,8812.7,8812.7
Freeman Inc,South America,4786,1,8818.73,8818.73
"Carlson, Garrett and Garcia",Europe,4647,1,8845.64,8845.64
"Bautista, Smith and Reyes",South America,2113,1,8867.41,8867.41
Wilson PLC,Oceania,2123,1,8872.73,8872.73
"Mercer, Knox and Pham",North America,2025,1,8873.81,8873.81
"Velez, Thomas and Davis",Middle East and North Africa,3239,1,8922.77,8922.77
"Miller, Whitehead and Smith",Middle East and North Africa,4460,1,8931.53,8931.53
Cobb Ltd,Africa,1822,1,8943.67,8943.67
"Butler, Sanchez and Deleon",Europe,5053,1,8948.06,8948.06
"Hunt, Bennett and Flores",Europe,2773,1,8968.13,8968.13
Valdez-Shepard,Europe,1825,1,8982.19,8982.19
Woods-Johnson,Europe,4615,1,8984.62,8984.62
Coleman Inc,North America,3867,1,9004.72,9004.72
Barnes-Turner,Africa,5474,1,9006.3,9006.3
Johnson-Jackson,Africa,3208,1,9010.67,9010.67
"Green, Baldwin and Reynolds",South America,1136,1,9011.15,9011.15
Davila and Sons,Asia,1429,1,9013.64,9013.64
Barker Group,Asia,3496,1,9025.23,9025.23
York Ltd,Europe,2430,1,9038.55,9038.55
Woods-Martinez,North America,3076,1,9044.1,9044.1
"Gonzalez, Lawrence and Ryan",North America,1260,1,9045.22,9045.22
Thomas Inc,South America,3584,1,9051.44,9051.44
Barry Group,South America,5553,1,9063.58,9063.58
Wheeler and Sons,Oceania,3738,1,9085.45,9085.45
Whitney PLC,Asia,5875,1,9086.74,9086.74
Matthews PLC,South America,4216,1,9090.08,9090.08
"Hawkins, Michael and Hooper",Oceania,995,1,9099.44,9099.44
"Francis, Cooper and Herrera",Europe,4266,1,9129.87,9129.87
Thomas-Gordon,Oceania,3545,1,9159.51,9159.51
Vasquez-Travis,Middle East and North Africa,3125,1,9162.79,9162.79
"Gonzalez, Hebert and Lewis",Africa,2180,1,9163.69,9163.69
Sanchez Ltd,Middle East and North Africa,2926,1,9171.25,9171.25
Mays-Simmons,South America,4261,1,9178.05,9178.05
Gonzalez-Robbins,North America,5585,1,9178.19,9178.19
"Kim, Meza and Mitchell",Europe,885,1,9184.13,9184.13
Montes-Perez,Middle East and North Africa,3748,1,9185.81,9185.81
"Giles, Warren and Wu",Oceania,2292,1,9201.65,9201.65
"Mckenzie, Church and Smith",South America,5167,1,9203.01,9203.01
"Solis, Cole and Johnson",Africa,1939,1,9205.24,9205.24
Burgess-Cruz,North America,2141,1,9210.04,9210.04
Ramos and Sons,Europe,2088,1,9225.43,9225.43
"Jones, Johnson and Campbell",Europe,4530,1,9226.52,9226.52
"Holt, Haney and Olsen",Europe,1268,1,9227.94,9227.94
"Robinson, Patrick and Walsh",Middle East and North Africa,4482,1,9229.18,9229.18
Parker-Aguirre,Asia,2403,1,9230.0,9230.0
White Ltd,Europe,5543,1,9237.99,9237.99
Anderson Inc,North America,1080,2,9239.92,4619.96
Davis LLC,Africa,3972,1,9248.55,9248.55
Burgess Ltd,South America,1622,1,9254.86,9254.86
"Moore, Evans and Rodriguez",Europe,2255,1,9267.27,9267.27
Davidson Ltd,Asia,1190,1,9273.08,9273.08
"Harrison, Taylor and Suarez",Asia,4539,1,9281.34,9281.34
Rodriguez LLC,Asia,1848,1,9295.82,9295.82
Francis Ltd,Asia,3794,1,9303.78,9303.78
"Martin, Frazier and Wilson",South America,3056,1,9304.34,9304.34
"Sanchez, Bryant and Oneal",South America,1690,1,9309.75,9309.75
Richard-Duncan,Asia,1593,1,9315.87,9315.87
Sanders PLC,Africa,1885,1,9318.7,9318.7
Thompson Inc,Oceania,4928,1,9330.65,9330.65
"Kramer, Cowan and Clark",North America,1638,1,9331.13,9331.13
Carter PLC,Asia,2666,1,9346.51,9346.51
"Blair, Thornton and Holmes",Oceania,5579,1,9346.76,9346.76
Harvey-Hoffman,North America,3439,1,9359.28,9359.28
Gomez-Garcia,North America,2995,1,9374.52,9374.52
Welch and Sons,North America,2844,1,9374.82,9374.82
Cook-Lambert,Europe,2743,1,9376.92,9376.92
Espinoza-Mack,South America,1341,1,9380.95,9380.95
Reed-Blake,Middle East and North Africa,3645,1,9388.3,9388.3
Elliott Group,Africa,1950,1,9390.06,9390.06
"Schmidt, Woodard and Brown",South America,944,1,9405.38,9405.38
"Cochran, Curry and Reed",North America,1473,1,9409.18,9409.18
Jones-Rodriguez,North America,4476,1,9416.85,9416.85
"Rowland, Carter and Stephens",Asia,2940,1,9429.07,9429.07
Johnson-Mcclain,Europe,2671,1,9452.29,9452.29
Cox Inc,Middle East and North Africa,2632,1,9456.41,9456.41
"Clark, Jones and Vance",North America,3123,1,9471.3,9471.3
"Becker, Dyer and Kaiser",Europe,3582,1,9473.26,9473.26
"Rogers, Stewart and Thomas",Oceania,1285,1,9483.25,9483.25
Stanley-Bowers,Oceania,5064,1,9488.43,9488.43
Smith-Torres,Asia,1076,1,9496.64,9496.64
"Reynolds, Greene and Dunn",North America,3020,1,9503.05,9503.05
Farley PLC,Europe,2745,1,9505.1,9505.1
Mccarty-Ortiz,Middle East and North Africa,2635,1,9507.53,9507.53
Smith-Patterson,Oceania,5736,1,9519.32,9519.32
Graves-Powell,North America,4465,1,9519.78,9519.78
Johnson-Dalton,Oceania,2598,1,9539.04,9539.04
Gordon-Matthews,North America,2626,1,9568.46,9568.46
Powell-Morgan,Europe,2798,1,9578.3,9578.3
Williams and Sons,South America,1009,1,9580.61,9580.61
Lopez-Johnson,Middle East and North Africa,2185,1,9600.01,9600.01
"Perkins, Jackson and Ford",Asia,2907,1,9615.74,9615.74
Ho-Roberts,South America,4329,1,9631.24,9631.24
"Ramos, Zuniga and Martin",South America,3854,1,9651.54,9651.54
Mcdonald Group,Africa,5784,1,9659.66,9659.66
Jackson Group,South America,2564,1,9666.75,9666.75
"Hunt, Hall and Finley",Europe,3260,1,9676.51,9676.51
Jackson Inc,South America,1435,1,9709.63,9709.63
Martinez LLC,North America,1883,1,9722.09,9722.09
Brown-Phillips,North America,3541,1,9728.22,9728.22
Contreras and Sons,Africa,3227,1,9729.18,9729.18
Mullins-Sharp,Asia,1780,1,9742.82,9742.82
Holland-Miller,South America,2473,1,9748.45,9748.45
Cruz-Christian,Asia,3738,1,9767.46,9767.46
"Clark, Hernandez and Cain",Africa,3194,1,9768.96,9768.96
Estes-Rodriguez,North America,1512,1,9779.84,9779.84
Robinson-Dennis,Oceania,5370,1,9798.5,9798.5
Marks-Hicks,Africa,3434,1,9802.58,9802.58
Butler Inc,Oceania,2418,1,9804.22,9804.22
Myers-Young,Africa,3092,1,9810.22,9810.22
Hammond-Stafford,North America,4466,1,9810.48,9810.48
Espinoza LLC,Middle East and North Africa,2799,1,9823.91,9823.91
Gomez Group,South America,5170,1,9826.57,9826.57
Wu PLC,North America,3651,1,9843.44,9843.44
Jones Ltd,Africa,4650,1,9845.9,9845.9
Griffith and Sons,North America,1830,1,9856.81,9856.81
Mclean Group,Oceania,1826,1,9857.34,9857.34
Gonzalez and Sons,Oceania,3251,1,9863.04,9863.04
Whitney LLC,North America,2365,1,9867.98,9867.98
Bishop-Barrera,Oceania,1553,1,9883.66,9883.66
"Hayes, Williams and Johnson",South America,2606,1,9912.62,9912.62
Johnson-Mendoza,South America,3664,1,9915.02,9915.02
Cain-Garcia,Europe,4154,1,9921.64,9921.64
Beltran Group,North America,1381,1,9930.94,9930.94
"Ellison, Jenkins and Juarez",Africa,5299,1,9958.84,9958.84
"Price, Roberts and Scott",North America,5316,1,9979.52,9979.52
"Brown, Gonzales and Fields",Middle East and North Africa,2625,1,9982.01,9982.01
Owens-Peterson,Europe,1510,1,9993.96,9993.96
Edwards Ltd,Europe,2051,2,11212.61,5606.305
Nguyen and Sons,South America,3644,2,14383.15,7191.575
